time,age,gender,weather,comment
早朝(4:00~7:00),any,any,any,早朝の運転、お疲れ様です。これから向かうトンネルが多いルートでは、日中でもライトを点灯させる必要があります。安全運転のために、出発前に必ずヘッドライトの球切れがないか確認しておきましょう。
午前(7:00~12:00),any,any,any,午前7時〜9時台の運転、ご苦労様です。現在地は通勤・通学の自転車が多く、一時停止を無視して車道に出てくるケースが目立ちます。交差点では、停止線の手前でもう一度しっかり止まる二段階停止を意識しましょう。
午後(12:00~16:00),any,any,晴れ,日中の運転ですね。これから西向きに走行すると、強い日差しで信号や標識が見えにくくなります。濃いサングラスを用意し、視界の確保を優先しましょう。
午後(12:00~16:00),any,女性,any,日中の運転ですね。信号機のない横断歩道では、女性ドライバーの一時停止義務違反による事故が目立ちます。横断歩道の標識が見えたら、歩行者がいなくともすぐに減速し、いつでも止まれるように準備しましょう。
午後(12:00~16:00),any,女性,any,日中の交差点では、女性ドライバーの自転車との右折時の衝突事故が目立ちます。右折する際、対向から直進してくる自転車がいないか確認を徹底し、巻き込みに注意しましょう。
午後(12:00~16:00),any,any,晴れ,晴れの日で日中の運転ですね。郊外の農道や畑沿いの道路では、農作業車が突然飛び出してきたり、低速で走っていることがあります。速度を出しすぎず、道路の脇から何かが現れることを予測して運転しましょう。
夕方(16:00~18:00),any,any,any,現在地周辺は通学路が多く、夕方は子どもの飛び出しが多い時間です。いつもより手前でブレーキを踏めるよう車間を広く取りましょう。
午後(12:00~16:00),any,any,any,運転する時間帯は、午後の2時〜4時ですね。この時間帯は、体温が下がり集中力が低下しやすい傾向があります。「自分は大丈夫」と思わず、車内の換気と軽く背伸びをする予防行動を取り入れましょう。
夕方(16:00~18:00),any,any,any,午後6時〜7時台の運転予定ですね。この薄暮の時間帯は、対向車のライトで歩行者が見えにくいため事故が多発します。交差点の曲がり角では、速度を落とし、右左を丁寧に確認しましょう。
深夜(22:00~4:00),18~24歳,any,any,免許取得から間もない（若年層）ドライバーの方へ。これから深夜0時を過ぎる時間帯は、居眠り運転や速度超過の事故リスクが高まります。出発前に5分間のストレッチとカフェイン補給を済ませておきましょう。
夜(18:00~22:00),any,女性,any,女性ドライバーの単独運転ですね。これから夜間の郊外を走行する際は、「もしもの時」に備えてスマートフォンをすぐに手に取れる場所に置いておきましょう。安全な場所に停車し、連絡が取れる状態を確保してください。
夜(18:00~22:00),any,any,any,これから運転する午後9時以降の夜間は、飲酒運転の車両が多くなる時間帯です。特に対向車が不自然な運転をしていると感じたら、車間距離を十分にとり、すぐに避けられるよう注意して走行してください。
夜(18:00~22:00),75歳以上,any,any,夜は標識や車線が見えにくいため、車線変更の判断が遅れがちです。車線変更は早めに済ませ、進路を確定させておきましょう。
夜(18:00~22:00),18~24歳,any,雨,夜間の雨の日で、免許取得から間もない（若年層）ドライバーの方へ。夜の雨は、路面と車線の区別がつきにくくなります。車線をはみ出さないよう、前の車のテールランプを目安に、ゆっくりと走行してください。
夜(18:00~22:00),18~24歳,any,any,夜間の幹線道路を走行中ですね。若年層ドライバーは車線変更を連続で行いがちです。無理な車線変更は追突や接触を招きます。曲がる30秒前には進路を決め、早めにウインカーを出して周囲に意思を伝えましょう。
夜(18:00~22:00),75歳以上,any,any,夜間の住宅街を走行する際は、暗闇に潜む小さな危険（ブロック、放置物など）が見えにくいものです。速度を時速20km以下に抑え、ブレーキにすぐ足を乗せられるように準備しておきましょう。
夜(18:00~22:00),any,女性,any,夜間の運転ですね。女性ドライバーは、対向車のライトで一瞬ひるむ傾向があります。もし視界が遮られたら、すぐにブレーキを踏むのではなく、進行方向を維持し速度を少し落とすことに集中しましょう。
午後(12:00~16:00),any,any,any,日中の運転ですね。カーブや山道では、落ち葉が溜まっている場所は雨の日と同等に滑りやすくなっています。落ち葉の上を通過する際は、ハンドルをしっかりと保持し、速度を十分に落としてください。
夜(18:00~22:00),any,any,雨,雨の夜間の運転ですね。路面に反射する光で白線が見えにくいため、車線の真ん中を走っているか頻繁に確認しましょう。路肩への脱輪を防ぐことが重要です。
午後(12:00~16:00),any,女性,雨,雨の日の日中の運転ですね。女性ドライバーは、左折時に内輪差を意識できず、縁石に接触する事故が多い傾向があります。左折前に大きく膨らまず、後輪がどこを通るか意識して曲がりましょう。
深夜(22:00~4:00),18~24歳,any,any,免許取得から間もない（若年層）ドライバーの方へ。これから深夜0時を過ぎる時間帯は、居眠り運転や速度超過の事故リスクが高まります。出発前に5分間のストレッチとカフェイン補給を済ませておきましょう。
any,18~24歳,any,any,免許取得から間もない（若年層）ドライバーの方へ。特にカーブや交差点では、必要以上にハンドルを回しすぎてしまう傾向があります。車の動きを信じて、緩やかなハンドル操作を意識しましょう。
any,18~24歳,any,any,免許取得から間もない（若年層）ドライバーの方へ。駐車場や幅の狭い道を走行する際は、車体の左側や後輪の位置を把握しづらいものです。不安な時は、安全な場所で一度停車し、目視で確認しましょう。
any,18~24歳,any,雪,雪の予報が出ています。若年層ドライバーは、雪道での速度超過による単独事故が多い傾向があります。急のつく操作（急ハンドル、急ブレーキ、急アクセル）は全て禁止です。いつもより3倍の車間距離をとり、慎重に運転してください。
any,18~24歳,any,雨,雨の日で、免許取得から間もない（若年層）ドライバーの方へ。ブレーキが効きにくい状況で、カーブに速いスピードで進入するとスリップする危険が高まります。カーブの手前でしっかり減速し、直線部分でブレーキを終わらせる意識で臨みましょう。
any,18~24歳,any,any,免許取得から間もない（若年層）ドライバーの方へ。高速道路の本線への合流は、速度差があるため接触事故が多い場所です。本線に入る前にしっかり加速し、ルームミラーと目視で安全を確保してスムーズに合流しましょう。
夜(18:00~22:00),18~24歳,any,雨,夜間の雨の日で、免許取得から間もない（若年層）ドライバーの方へ。夜の雨は、路面と車線の区別がつきにくくなります。車線をはみ出さないよう、前の車のテールランプを目安に、ゆっくりと走行してください。
any,18~24歳,any,any,カーブが多い山道の運転ですね。初心者の事故は、カーブの先に何があるか見ずに進入することが原因です。視線を進行方向の遠くに送り、カーブの出口を見るように意識しましょう。
夜(18:00~22:00),18~24歳,any,any,夜間の幹線道路を走行中ですね。若年層ドライバーは車線変更を連続で行いがちです。無理な車線変更は追突や接触を招きます。曲がる30秒前には進路を決め、早めにウインカーを出して周囲に意思を伝えましょう。
any,18~24歳,any,any,免許取得から間もない（若年層）ドライバーの方へ。信号機のない狭い道では、対向車が来ても避けることが難しくなります。譲り合いの気持ちを持てるよう、自分の側に待避スペースがあるか意識して走行しましょう。
any,75歳以上,any,any,これから運転する交差点は、右折時の判断ミスによる事故が多い場所です。無理せず安全が確保できるまで待ち、信号が変わる間際の右折は避けましょう。
夜(18:00~22:00),75歳以上,any,any,夜は標識や車線が見えにくいため、車線変更の判断が遅れがちです。車線変更は早めに済ませ、進路を確定させておきましょう。
any,75歳以上,any,any,これから運転するエリアは高齢者の歩行者が多い住宅街です。高齢者は速度や距離の判断が難しいため、車が来ていても渡り始めてしまうことがあります。横断する高齢者を見かけたら、車を止めて道を譲りましょう。
夜(18:00~22:00),75歳以上,any,any,夜間の住宅街を走行する際は、暗闇に潜む小さな危険（ブロック、放置物など）が見えにくいものです。速度を時速20km以下に抑え、ブレーキにすぐ足を乗せられるように準備しておきましょう。
any,75歳以上,any,any,これから対向車とすれ違う際には、対向車が車線を少しはみ出してくる可能性を予測し、少しでも左に寄って、安全な間隔を確保しましょう。
any,75歳以上,any,any,交差点で信号待ちをしている際、信号が変わったことに気づかず、発進が遅れることがあります。前の車との車間を開け、発進が遅れても焦らないよう準備しましょう。
any,75歳以上,any,any,バックで駐車する際、ハンドルを切りすぎて切り返しの回数が多くなりがちです。無理せず広めの区画を選び、周囲に車や人がいないか何度も確認しましょう。
夜(18:00~22:00),any,女性,any,女性ドライバーの単独運転ですね。これから夜間の郊外を走行する際は、「もしもの時」に備えてスマートフォンをすぐに手に取れる場所に置いておきましょう。安全な場所に停車し、連絡が取れる状態を確保してください。
any,any,女性,雨,雨の日で女性ドライバーの運転予定ですね。スリップを避けるため、白線やマンホールの上では特に急ブレーキを避け、アクセルを一定に保って静かに通過しましょう。
any,any,女性,雨,雨が降っていますね。女性ドライバーの急ブレーキは、後続車との追突を招くリスクが高くなります。車間距離を開けることで、ブレーキを踏むまでの時間的余裕を生み出し、ゆとりを持って減速操作を行いましょう。
午後(12:00~16:00),any,女性,any,日中の運転ですね。信号機のない横断歩道では、女性ドライバーの一時停止義務違反による事故が目立ちます。横断歩道の標識が見えたら、歩行者がいなくともすぐに減速し、いつでも止まれるように準備しましょう。
午後(12:00~16:00),any,女性,any,日中の交差点では、女性ドライバーの自転車との右折時の衝突事故が目立ちます。右折する際、対向から直進してくる自転車がいないか確認を徹底し、巻き込みに注意しましょう。
any,any,女性,any,見通しの悪いT字や十字の交差点では、女性ドライバーの安全確認の遅れによる出会い頭事故が目立ちます。停止線で止まった後、車体を少し前に出して、左右を念入りに再確認しましょう。
夜(18:00~22:00),any,女性,any,夜間の運転ですね。女性ドライバーは、対向車のライトで一瞬ひるむ傾向があります。もし視界が遮られたら、すぐにブレーキを踏むのではなく、進行方向を維持し速度を少し落とすことに集中しましょう。
any,any,女性,any,女性ドライバーの方へ。高速道路のサービスエリアからの発進や合流は、後続車の速度が速いため焦りやすいものです。十分な速度が出るまで加速することに集中し、ルームミラーで確認を忘れないようにしましょう。
午後(12:00~16:00),any,女性,雨,雨の日の日中の運転ですね。女性ドライバーは、左折時に内輪差を意識できず、縁石に接触する事故が多い傾向があります。左折前に大きく膨らまず、後輪がどこを通るか意識して曲がりましょう。
any,any,any,any,強風時の橋の上や海沿いの道では、風にあおられてハンドルを取られる可能性があります。両手でしっかりとハンドルを握り、風向きを意識して速度を控えめに走行してください。
any,any,any,any,後続車との追突事故を防ぐため、ブレーキを踏む際はすぐに踏み込まず、軽く2〜3回に分けて踏む「ポンピングブレーキ」を意識しましょう。特に雨の日は追突のリスクが高まります。
any,any,any,雨,夏の雨の日ですね。タイヤと路面との間に水が入り込み、ハンドルが急に軽くなる「ハイドロプレーニング現象」のリスクが高まっています。水たまりでは速度を大幅に落とし、アクセルを踏みこまないようにしましょう。
any,any,any,雪,雪の予報が出ています。車内に雪が積もったまま走行すると視界が悪くなります。出発前に窓やミラーだけでなく、屋根やボンネットの雪もブラシで払ってから運転しましょう。